AccountId,GoalProfile
ACC001,TRAVEL_FIRST
ACC002,SLA_FIRST
ACC003,SKILL_FIRST
ACC004,OVERTIME_FIRST
ACC005,TRAVEL_FIRST
ACC006,SLA_FIRST
ACC007,SKILL_FIRST
ACC008,OVERTIME_FIRST
ACC009,TRAVEL_FIRST
ACC010,SLA_FIRST
ACC011,SKILL_FIRST
ACC012,OVERTIME_FIRST
ACC013,TRAVEL_FIRST
ACC014,SLA_FIRST
ACC015,SKILL_FIRST
ACC016,OVERTIME_FIRST
ACC017,TRAVEL_FIRST
ACC018,SLA_FIRST
ACC019,SKILL_FIRST
ACC020,OVERTIME_FIRST
ACC021,TRAVEL_FIRST
ACC022,SLA_FIRST
ACC023,SKILL_FIRST
ACC024,OVERTIME_FIRST
ACC025,TRAVEL_FIRST
ACC026,SLA_FIRST
ACC027,SKILL_FIRST
ACC028,OVERTIME_FIRST
ACC029,TRAVEL_FIRST
ACC030,SLA_FIRST
ACC031,SKILL_FIRST
ACC032,OVERTIME_FIRST
ACC033,TRAVEL_FIRST
ACC034,SLA_FIRST
ACC035,SKILL_FIRST
ACC036,OVERTIME_FIRST
ACC037,TRAVEL_FIRST
ACC038,SLA_FIRST
ACC039,SKILL_FIRST
ACC040,OVERTIME_FIRST
ACC041,TRAVEL_FIRST
ACC042,SLA_FIRST
ACC043,SKILL_FIRST
ACC044,OVERTIME_FIRST
ACC045,TRAVEL_FIRST
ACC046,SLA_FIRST
ACC047,SKILL_FIRST
ACC048,OVERTIME_FIRST
ACC049,TRAVEL_FIRST
ACC050,SLA_FIRST
ACC051,SKILL_FIRST
ACC052,OVERTIME_FIRST
ACC053,TRAVEL_FIRST
ACC054,SLA_FIRST
ACC055,SKILL_FIRST
ACC056,OVERTIME_FIRST
ACC057,TRAVEL_FIRST
ACC058,SLA_FIRST
ACC059,SKILL_FIRST
ACC060,OVERTIME_FIRST
ACC061,TRAVEL_FIRST
ACC062,SLA_FIRST
ACC063,SKILL_FIRST
ACC064,OVERTIME_FIRST
ACC065,TRAVEL_FIRST
ACC066,SLA_FIRST
ACC067,SKILL_FIRST
ACC068,OVERTIME_FIRST
ACC069,TRAVEL_FIRST
ACC070,SLA_FIRST
ACC071,SKILL_FIRST
ACC072,OVERTIME_FIRST
ACC073,TRAVEL_FIRST
ACC074,SLA_FIRST
ACC075,SKILL_FIRST
ACC076,OVERTIME_FIRST
ACC077,TRAVEL_FIRST
ACC078,SLA_FIRST
ACC079,SKILL_FIRST
ACC080,OVERTIME_FIRST
ACC081,TRAVEL_FIRST
ACC082,SLA_FIRST
ACC083,SKILL_FIRST
ACC084,OVERTIME_FIRST
ACC085,TRAVEL_FIRST
ACC086,SLA_FIRST
ACC087,SKILL_FIRST
ACC088,OVERTIME_FIRST
ACC089,TRAVEL_FIRST
ACC090,SLA_FIRST
ACC091,SKILL_FIRST
ACC092,OVERTIME_FIRST
ACC093,TRAVEL_FIRST
ACC094,SLA_FIRST
ACC095,SKILL_FIRST
ACC096,OVERTIME_FIRST
ACC097,TRAVEL_FIRST
ACC098,SLA_FIRST
ACC099,SKILL_FIRST
ACC100,OVERTIME_FIRST
ACC101,TRAVEL_FIRST
ACC102,SLA_FIRST
ACC103,SKILL_FIRST
ACC104,OVERTIME_FIRST
ACC105,TRAVEL_FIRST
ACC106,SLA_FIRST
ACC107,SKILL_FIRST
ACC108,OVERTIME_FIRST
ACC109,TRAVEL_FIRST
ACC110,SLA_FIRST
ACC111,SKILL_FIRST
ACC112,OVERTIME_FIRST
ACC113,TRAVEL_FIRST
ACC114,SLA_FIRST
ACC115,SKILL_FIRST
ACC116,OVERTIME_FIRST
ACC117,TRAVEL_FIRST
ACC118,SLA_FIRST
ACC119,SKILL_FIRST
ACC120,OVERTIME_FIRST
